entities,region.MD-RI,Rîșcani,Rîșcani,0
entities,region.MD-SD,Șoldănești,Șoldănești,0
entities,region.MD-SI,Sîngerei,Sîngerei,0
entities,region.MD-SN,"Stînga Nistrului, unitatea teritorială din","Stînga Nistrului, unitatea teritorială din",0
entities,region.MD-SO,Soroca,Soroca,0
entities,region.MD-ST,Strășeni,Strășeni,0
entities,region.MD-SV,"Ștefan Vodă","Ștefan Vodă",0
entities,region.MD-TA,Taraclia,Taraclia,0
entities,region.MD-TE,Telenești,Telenești,0
entities,region.MD-UN,Ungheni,Ungheni,0
entities,region.ME-01,Andrijevica,Andrijevica,0
entities,region.ME-02,Bar,Bar,0
entities,region.ME-03,Berane,Berane,0
entities,region.ME-04,"Bijelo Polje","Bijelo Polje",0
entities,region.ME-05,Budva,Budva,0
entities,region.ME-06,Cetinje,Cetinje,0
entities,region.ME-07,Danilovgrad,Danilovgrad,0
entities,region.ME-08,Herceg-Novi,Herceg-Novi,0
entities,region.ME-09,Kolašin,Kolašin,0
entities,region.ME-10,Kotor,Kotor,0
entities,region.ME-11,Mojkovac,Mojkovac,0
entities,region.ME-12,Nikšić,Nikšić,0
entities,region.ME-13,Plav,Plav,0
entities,region.ME-14,Pljevlja,Pljevlja,0
entities,region.ME-15,Plužine,Plužine,0
entities,region.ME-16,Podgorica,Podgorica,0
entities,region.ME-17,Rožaje,Rožaje,0
entities,region.ME-18,Šavnik,Šavnik,0
entities,region.ME-19,Tivat,Tivat,0
entities,region.ME-20,Ulcinj,Ulcinj,0
entities,region.ME-21,Žabljak,Žabljak,0
entities,region.MG-A,Toamasina,Toamasina,0
entities,region.MG-D,Antsiranana,Antsiranana,0
entities,region.MG-F,Fianarantsoa,Fianarantsoa,0
entities,region.MG-M,Mahajanga,Mahajanga,0
entities,region.MG-T,Antananarivo,Antananarivo,0
entities,region.MG-U,Toliara,Toliara,0
entities,region.MH-ALK,Ailuk,Ailuk,0
entities,region.MH-ALL,Ailinglaplap,Ailinglaplap,0
entities,region.MH-ARN,Arno,Arno,0
entities,region.MH-AUR,Aur,Aur,0
entities,region.MH-EBO,Ebon,Ebon,0
entities,region.MH-ENI,Enewetak,Enewetak,0
entities,region.MH-JAB,Jabat,Jabat,0
entities,region.MH-JAL,Jaluit,Jaluit,0
entities,region.MH-KIL,Kili,Kili,0
entities,region.MH-KWA,Kwajalein,Kwajalein,0
entities,region.MH-L,"Ralik chain","Ralik chain",0
entities,region.MH-LAE,Lae,Lae,0
entities,region.MH-LIB,Lib,Lib,0
entities,region.MH-LIK,Likiep,Likiep,0
entities,region.MH-MAJ,Majuro,Majuro,0
entities,region.MH-MAL,Maloelap,Maloelap,0
entities,region.MH-MEJ,Mejit,Mejit,0
entities,region.MH-MIL,Mili,Mili,0
entities,region.MH-NMK,Namdrik,Namdrik,0
entities,region.MH-NMU,Namu,Namu,0
entities,region.MH-RON,Rongelap,Rongelap,0
entities,region.MH-T,"Ratak chain","Ratak chain",0
entities,region.MH-UJA,Ujae,Ujae,0
entities,region.MH-UTI,Utirik,Utirik,0
entities,region.MH-WTJ,Wotje,Wotje,0
entities,region.MH-WTN,Wotho,Wotho,0
entities,region.MK-01,Aerodrom,Aerodrom,0
entities,region.MK-02,Aračinovo,Aračinovo,0
entities,region.MK-03,Berovo,Berovo,0
entities,region.MK-04,Bitola,Bitola,0
entities,region.MK-05,Bogdanci,Bogdanci,0
entities,region.MK-06,Bogovinje,Bogovinje,0
entities,region.MK-07,Bosilovo,Bosilovo,0
entities,region.MK-08,Brvenica,Brvenica,0
entities,region.MK-09,Butel,Butel,0
entities,region.MK-10,Valandovo,Valandovo,0
entities,region.MK-11,Vasilevo,Vasilevo,0
entities,region.MK-12,Vevčani,Vevčani,0
entities,region.MK-13,Veles,Veles,0
entities,region.MK-14,Vinica,Vinica,0
entities,region.MK-15,Vraneštica,Vraneštica,0
entities,region.MK-16,Vrapčište,Vrapčište,0
entities,region.MK-17,"Gazi Baba","Gazi Baba",0
entities,region.MK-18,Gevgelija,Gevgelija,0
entities,region.MK-19,Gostivar,Gostivar,0
entities,region.MK-20,Gradsko,Gradsko,0
entities,region.MK-21,Debar,Debar,0
entities,region.MK-22,Debarca,Debarca,0
entities,region.MK-23,Delčevo,Delčevo,0
entities,region.MK-24,"Demir Kapija","Demir Kapija",0
entities,region.MK-25,"Demir Hisar","Demir Hisar",0
entities,region.MK-26,Dojran,Dojran,0
entities,region.MK-27,Dolneni,Dolneni,0
entities,region.MK-28,Drugovo,Drugovo,0
entities,region.MK-29,"Gjorče Petrov","Gjorče Petrov",0
entities,region.MK-30,Želino,Želino,0
entities,region.MK-31,Zajas,Zajas,0
entities,region.MK-32,Zelenikovo,Zelenikovo,0
entities,region.MK-33,Zrnovci,Zrnovci,0
entities,region.MK-34,Ilinden,Ilinden,0
entities,region.MK-35,Jegunovce,Jegunovce,0
entities,region.MK-36,Kavadarci,Kavadarci,0
entities,region.MK-37,Karbinci,Karbinci,0
entities,region.MK-38,Karpoš,Karpoš,0
entities,region.MK-39,"Kisela Voda","Kisela Voda",0
entities,region.MK-40,Kičevo,Kičevo,0
entities,region.MK-41,Konče,Konče,0
entities,region.MK-42,Kočani,Kočani,0
entities,region.MK-43,Kratovo,Kratovo,0
entities,region.MK-44,"Kriva Palanka","Kriva Palanka",0
entities,region.MK-45,Krivogaštani,Krivogaštani,0
entities,region.MK-46,Kruševo,Kruševo,0
entities,region.MK-47,Kumanovo,Kumanovo,0
entities,region.MK-48,Lipkovo,Lipkovo,0
entities,region.MK-49,Lozovo,Lozovo,0
entities,region.MK-50,Mavrovo-i-Rostuša,Mavrovo-i-Rostuša,0
entities,region.MK-51,"Makedonska Kamenica","Makedonska Kamenica",0
entities,region.MK-52,"Makedonski Brod","Makedonski Brod",0
entities,region.MK-53,Mogila,Mogila,0
entities,region.MK-54,Negotino,Negotino,0
entities,region.MK-55,Novaci,Novaci,0
entities,region.MK-56,"Novo Selo","Novo Selo",0
entities,region.MK-57,Oslomej,Oslomej,0
entities,region.MK-58,Ohrid,Ohrid,0
entities,region.MK-59,Petrovec,Petrovec,0
entities,region.MK-60,Pehčevo,Pehčevo,0
entities,region.MK-61,Plasnica,Plasnica,0
entities,region.MK-62,Prilep,Prilep,0
entities,region.MK-63,Probištip,Probištip,0
entities,region.MK-64,Radoviš,Radoviš,0
entities,region.MK-65,Rankovce,Rankovce,0
entities,region.MK-66,Resen,Resen,0
entities,region.MK-67,Rosoman,Rosoman,0
entities,region.MK-68,Saraj,Saraj,0
entities,region.MK-69,"Sveti Nikole","Sveti Nikole",0
entities,region.MK-70,Sopište,Sopište,0
entities,region.MK-71,"Staro Nagoričane","Staro Nagoričane",0
entities,region.MK-72,Struga,Struga,0
entities,region.MK-73,Strumica,Strumica,0
entities,region.MK-74,Studeničani,Studeničani,0
entities,region.MK-75,Tearce,Tearce,0
entities,region.MK-76,Tetovo,Tetovo,0
entities,region.MK-77,Centar,Centar,0
entities,region.MK-78,"Centar Župa","Centar Župa",0
entities,region.MK-79,Čair,Čair,0
entities,region.MK-80,Čaška,Čaška,0
entities,region.MK-81,Češinovo-Obleševo,Češinovo-Obleševo,0
entities,region.MK-82,"Čučer Sandevo","Čučer Sandevo",0
entities,region.MK-83,Štip,Štip,0
entities,region.MK-84,"Šuto Orizari","Šuto Orizari",0
entities,region.ML-1,Kayes,Kayes,0
entities,region.ML-2,Koulikoro,Koulikoro,0
entities,region.ML-3,Sikasso,Sikasso,0
entities,region.ML-4,Ségou,Ségou,0
entities,region.ML-5,Mopti,Mopti,0
entities,region.ML-6,Tombouctou,Tombouctou,0
entities,region.ML-7,Gao,Gao,0
entities,region.ML-8,Kidal,Kidal,0
entities,region.ML-BK0,Bamako,Bamako,0
entities,region.MM-01,Sagaing,Sagaing,0
entities,region.MM-02,Bago,Bago,0
entities,region.MM-03,Magway,Magway,0
entities,region.MM-04,Mandalay,Mandalay,0
entities,region.MM-05,Tanintharyi,Tanintharyi,0
entities,region.MM-06,Yangon,Yangon,0
entities,region.MM-07,Ayeyarwady,Ayeyarwady,0
entities,region.MM-11,Kachin,Kachin,0
entities,region.MM-12,Kayah,Kayah,0
entities,region.MM-13,Kayin,Kayin,0
entities,region.MM-14,Chin,Chin,0
entities,region.MM-15,Mon,Mon,0
entities,region.MM-16,Rakhine,Rakhine,0
entities,region.MM-17,Shan,Shan,0
entities,region.MN-035,Orhon,Orhon,0
entities,region.MN-037,"Darhan uul","Darhan uul",0
entities,region.MN-039,Hentiy,Hentiy,0
entities,region.MN-041,Hövsgöl,Hövsgöl,0
entities,region.MN-043,Hovd,Hovd,0
entities,region.MN-046,Uvs,Uvs,0
entities,region.MN-047,Töv,Töv,0
entities,region.MN-049,Selenge,Selenge,0
entities,region.MN-051,Sühbaatar,Sühbaatar,0
entities,region.MN-053,Ömnögovi,Ömnögovi,0
entities,region.MN-055,Övörhangay,Övörhangay,0
entities,region.MN-057,Dzavhan,Dzavhan,0
entities,region.MN-059,Dundgovi,Dundgovi,0
entities,region.MN-061,Dornod,Dornod,0
entities,region.MN-063,Dornogovi,Dornogovi,0
entities,region.MN-064,Govi-Sumber,Govi-Sumber,0
entities,region.MN-065,Govi-Altay,Govi-Altay,0
entities,region.MN-067,Bulgan,Bulgan,0
entities,region.MN-069,Bayanhongor,Bayanhongor,0
entities,region.MN-071,Bayan-Ölgiy,Bayan-Ölgiy,0
entities,region.MN-073,Arhangay,Arhangay,0
entities,region.MN-1,Ulanbaatar,Ulanbaatar,0
entities,region.MR-01,"Hodh ech Chargui","Hodh ech Chargui",0
entities,region.MR-02,"Hodh el Charbi","Hodh el Charbi",0
entities,region.MR-03,Assaba,Assaba,0
entities,region.MR-04,Gorgol,Gorgol,0
entities,region.MR-05,Brakna,Brakna,0
entities,region.MR-06,Trarza,Trarza,0
entities,region.MR-07,Adrar,Adrar,0
entities,region.MR-08,"Dakhlet Nouadhibou","Dakhlet Nouadhibou",0
entities,region.MR-09,Tagant,Tagant,0
entities,region.MR-10,Guidimaka,Guidimaka,0
entities,region.MR-11,"Tiris Zemmour","Tiris Zemmour",0
entities,region.MR-12,Inchiri,Inchiri,0
entities,region.MR-NKC,Nouakchott,Nouakchott,0
entities,region.MT-01,Attard,Attard,0
entities,region.MT-02,Balzan,Balzan,0
entities,region.MT-03,Birgu,Birgu,0
entities,region.MT-04,Birkirkara,Birkirkara,0
entities,region.MT-05,Birżebbuġa,Birżebbuġa,0
entities,region.MT-06,Bormla,Bormla,0
entities,region.MT-07,Dingli,Dingli,0
entities,region.MT-08,Fgura,Fgura,0
entities,region.MT-09,Floriana,Floriana,0
entities,region.MT-10,Fontana,Fontana,0
entities,region.MT-11,Gudja,Gudja,0
entities,region.MT-12,Gżira,Gżira,0
entities,region.MT-13,Għajnsielem,Għajnsielem,0
entities,region.MT-14,Għarb,Għarb,0
entities,region.MT-15,Għargħur,Għargħur,0
entities,region.MT-16,Għasri,Għasri,0
entities,region.MT-17,Għaxaq,Għaxaq,0
entities,region.MT-18,Ħamrun,Ħamrun,0
entities,region.MT-19,Iklin,Iklin,0
entities,region.MT-20,Isla,Isla,0
entities,region.MT-21,Kalkara,Kalkara,0
entities,region.MT-22,Kerċem,Kerċem,0
entities,region.MT-23,Kirkop,Kirkop,0
entities,region.MT-24,Lija,Lija,0
entities,region.MT-25,Luqa,Luqa,0
entities,region.MT-26,Marsa,Marsa,0
entities,region.MT-27,Marsaskala,Marsaskala,0
entities,region.MT-28,Marsaxlokk,Marsaxlokk,0
entities,region.MT-29,Mdina,Mdina,0
entities,region.MT-30,Mellieħa,Mellieħa,0
entities,region.MT-31,Mġarr,Mġarr,0
entities,region.MT-32,Mosta,Mosta,0
entities,region.MT-33,Mqabba,Mqabba,0
entities,region.MT-34,Msida,Msida,0
entities,region.MT-35,Mtarfa,Mtarfa,0
entities,region.MT-36,Munxar,Munxar,0
entities,region.MT-37,Nadur,Nadur,0
entities,region.MT-38,Naxxar,Naxxar,0
entities,region.MT-39,Paola,Paola,0
entities,region.MT-40,Pembroke,Pembroke,0
entities,region.MT-41,Pietà,Pietà,0
entities,region.MT-42,Qala,Qala,0
entities,region.MT-43,Qormi,Qormi,0
entities,region.MT-44,Qrendi,Qrendi,0
entities,region.MT-45,"Rabat Għawdex","Rabat Għawdex",0
entities,region.MT-46,"Rabat Malta","Rabat Malta",0
entities,region.MT-47,Safi,Safi,0
entities,region.MT-48,"San Ġiljan","San Ġiljan",0
entities,region.MT-49,"San Ġwann","San Ġwann",0
entities,region.MT-50,"San Lawrenz","San Lawrenz",0
entities,region.MT-51,"San Pawl il-Baħar","San Pawl il-Baħar",0
entities,region.MT-52,Sannat,Sannat,0
entities,region.MT-53,"Santa Luċija","Santa Luċija",0
entities,region.MT-54,"Santa Venera","Santa Venera",0
entities,region.MT-55,Siġġiewi,Siġġiewi,0
entities,region.MT-56,Sliema,Sliema,0
entities,region.MT-57,Swieqi,Swieqi,0
entities,region.MT-58,"Ta’ Xbiex","Ta’ Xbiex",0
entities,region.MT-59,Tarxien,Tarxien,0
entities,region.MT-60,Valletta,Valletta,0
entities,region.MT-61,Xagħra,Xagħra,0
entities,region.MT-62,Xewkija,Xewkija,0
entities,region.MT-63,Xgħajra,Xgħajra,0
entities,region.MT-64,Żabbar,Żabbar,0
entities,region.MT-65,"Żebbuġ Għawdex","Żebbuġ Għawdex",0
entities,region.MT-66,"Żebbuġ Malta","Żebbuġ Malta",0
entities,region.MT-67,Żejtun,Żejtun,0
entities,region.MT-68,Żurrieq,Żurrieq,0
entities,region.MU-AG,"Agalega Islands","Agalega Islands",0
entities,region.MU-BL,"Black River","Black River",0
entities,region.MU-BR,"Beau Bassin-Rose Hill","Beau Bassin-Rose Hill",0
entities,region.MU-CC,"Cargados Carajos Shoals","Cargados Carajos Shoals",0
entities,region.MU-CU,Curepipe,Curepipe,0
entities,region.MU-FL,Flacq,Flacq,0
entities,region.MU-GP,"Grand Port","Grand Port",0
entities,region.MU-MO,Moka,Moka,0
entities,region.MU-PA,Pamplemousses,Pamplemousses,0
entities,region.MU-PL,"Port Louis","Port Louis",0
entities,region.MU-PU,"Port Louis","Port Louis",0
entities,region.MU-PW,"Plaines Wilhems","Plaines Wilhems",0
entities,region.MU-QB,"Quatre Bornes","Quatre Bornes",0
entities,region.MU-RO,"Rodrigues Island","Rodrigues Island",0
entities,region.MU-RP,"Rivière du Rempart","Rivière du Rempart",0
entities,region.MU-SA,Savanne,Savanne,0
entities,region.MU-VP,Vacoas-Phoenix,Vacoas-Phoenix,0
entities,region.MV-01,Seenu,Seenu,0
entities,region.MV-02,Alif,Alif,0
entities,region.MV-03,Lhaviyani,Lhaviyani,0
entities,region.MV-04,Vaavu,Vaavu,0
entities,region.MV-05,Laamu,Laamu,0
entities,region.MV-07,"Haa Alif","Haa Alif",0
entities,region.MV-08,Thaa,Thaa,0
entities,region.MV-12,Meemu,Meemu,0
entities,region.MV-13,Raa,Raa,0
entities,region.MV-14,Faafu,Faafu,0
entities,region.MV-17,Dhaalu,Dhaalu,0
entities,region.MV-20,Baa,Baa,0
entities,region.MV-23,"Haa Dhaalu","Haa Dhaalu",0
entities,region.MV-24,Shaviyani,Shaviyani,0
entities,region.MV-25,Noonu,Noonu,0
entities,region.MV-26,Kaafu,Kaafu,0
entities,region.MV-27,"Gaafu Aliff","Gaafu Aliff",0
entities,region.MV-28,"Gaafu Daalu","Gaafu Daalu",0
entities,region.MV-29,Gnaviyani,Gnaviyani,0
entities,region.MV-MLE,Male,Male,0
entities,region.MW-BA,Balaka,Balaka,0
entities,region.MW-BL,Blantyre,Blantyre,0
entities,region.MW-C,"Central Region","Central Region",0
entities,region.MW-CK,Chikwawa,Chikwawa,0
entities,region.MW-CR,Chiradzulu,Chiradzulu,0
entities,region.MW-CT,Chitipa,Chitipa,0
entities,region.MW-DE,Dedza,Dedza,0
entities,region.MW-DO,Dowa,Dowa,0
entities,region.MW-KR,Karonga,Karonga,0
entities,region.MW-KS,Kasungu,Kasungu,0
entities,region.MW-LI,Lilongwe,Lilongwe,0
entities,region.MW-LK,Likoma,Likoma,0
entities,region.MW-MC,Mchinji,Mchinji,0
entities,region.MW-MG,Mangochi,Mangochi,0
entities,region.MW-MH,Machinga,Machinga,0
entities,region.MW-MU,Mulanje,Mulanje,0
entities,region.MW-MW,Mwanza,Mwanza,0
entities,region.MW-MZ,Mzimba,Mzimba,0
entities,region.MW-N,"Northern Region","Northern Region",0
entities,region.MW-NB,"Nkhata Bay","Nkhata Bay",0
entities,region.MW-NE,Neno,Neno,0
entities,region.MW-NI,Ntchisi,Ntchisi,0
entities,region.MW-NK,Nkhotakota,Nkhotakota,0
entities,region.MW-NS,Nsanje,Nsanje,0
entities,region.MW-NU,Ntcheu,Ntcheu,0
entities,region.MW-PH,Phalombe,Phalombe,0
entities,region.MW-RU,Rumphi,Rumphi,0
entities,region.MW-S,"Southern Region","Southern Region",0
entities,region.MW-SA,Salima,Salima,0
entities,region.MW-TH,Thyolo,Thyolo,0
entities,region.MW-ZO,Zomba,Zomba,0
entities,region.MX-AGU,Aguascalientes,Aguascalientes,0
entities,region.MX-BCN,"Baja California","Baja California",0
entities,region.MX-BCS,"Baja California Sur","Baja California Sur",0
entities,region.MX-CAM,Campeche,Campeche,0
entities,region.MX-CHH,Chihuahua,Chihuahua,0
entities,region.MX-CHP,Chiapas,Chiapas,0
entities,region.MX-COA,Coahuila,Coahuila,0
entities,region.MX-COL,Colima,Colima,0
entities,region.MX-DIF,"Distrito Federal","Distrito Federal",0
entities,region.MX-DUR,Durango,Durango,0
entities,region.MX-GRO,Guerrero,Guerrero,0
entities,region.MX-GUA,Guanajuato,Guanajuato,0
entities,region.MX-HID,Hidalgo,Hidalgo,0
entities,region.MX-JAL,Jalisco,Jalisco,0
entities,region.MX-MEX,México,México,0
entities,region.MX-MIC,Michoacán,Michoacán,0
entities,region.MX-MOR,Morelos,Morelos,0
entities,region.MX-NAY,Nayarit,Nayarit,0
entities,region.MX-NLE,"Nuevo León","Nuevo León",0
entities,region.MX-OAX,Oaxaca,Oaxaca,0
entities,region.MX-PUE,Puebla,Puebla,0
entities,region.MX-QUE,Querétaro,Querétaro,0
entities,region.MX-ROO,"Quintana Roo","Quintana Roo",0
entities,region.MX-SIN,Sinaloa,Sinaloa,0
entities,region.MX-SLP,"San Luis Potosí","San Luis Potosí",0
entities,region.MX-SON,Sonora,Sonora,0
entities,region.MX-TAB,Tabasco,Tabasco,0
entities,region.MX-TAM,Tamaulipas,Tamaulipas,0
entities,region.MX-TLA,Tlaxcala,Tlaxcala,0
entities,region.MX-VER,Veracruz,Veracruz,0
entities,region.MX-YUC,Yucatán,Yucatán,0
entities,region.MX-ZAC,Zacatecas,Zacatecas,0
entities,region.MY-01,Johor,Johor,0
entities,region.MY-02,Kedah,Kedah,0
entities,region.MY-03,Kelantan,Kelantan,0
entities,region.MY-04,Melaka,Melaka,0
entities,region.MY-05,"Negeri Sembilan","Negeri Sembilan",0
entities,region.MY-06,Pahang,Pahang,0
entities,region.MY-07,"Pulau Pinang","Pulau Pinang",0
entities,region.MY-08,Perak,Perak,0
entities,region.MY-09,Perlis,Perlis,0
entities,region.MY-10,Selangor,Selangor,0
entities,region.MY-11,Terengganu,Terengganu,0
entities,region.MY-12,Sabah,Sabah,0
entities,region.MY-13,Sarawak,Sarawak,0
entities,region.MY-14,"Wilayah Persekutuan Kuala Lumpur","Wilayah Persekutuan Kuala Lumpur",0
entities,region.MY-15,"Wilayah Persekutuan Labuan","Wilayah Persekutuan Labuan",0
entities,region.MY-16,"Wilayah Persekutuan Putrajaya","Wilayah Persekutuan Putrajaya",0
entities,region.MZ-A,Niassa,Niassa,0
entities,region.MZ-B,Manica,Manica,0
entities,region.MZ-G,Gaza,Gaza,0
entities,region.MZ-I,Inhambane,Inhambane,0
entities,region.MZ-L,Maputo,Maputo,0
entities,region.MZ-MPM,"Maputo (city)","Maputo (city)",0
entities,region.MZ-N,Numpula,Numpula,0
entities,region.MZ-P,"Cabo Delgado","Cabo Delgado",0
entities,region.MZ-Q,Zambezia,Zambezia,0
entities,region.MZ-S,Sofala,Sofala,0
entities,region.MZ-T,Tete,Tete,0
