entities,region.GB-EDH,"Edinburgh, Thành phố","Edinburgh, City of",0
entities,region.GB-EDU,"Đông Dunbartonshire","East Dunbartonshire",0
entities,region.GB-ELN,"Đông Lothian","East Lothian",0
entities,region.GB-ELS,"Eilean Siar","Eilean Siar",0
entities,region.GB-ENF,Enfield,Enfield,0
entities,region.GB-ERW,"Đông Renfrewshire","East Renfrewshire",0
entities,region.GB-ERY,"Đông Riding of Yorkshire","East Riding of Yorkshire",0
entities,region.GB-ESS,Essex,Essex,0
entities,region.GB-ESX,"Đông Sussex","East Sussex",0
entities,region.GB-FAL,Falkirk,Falkirk,0
entities,region.GB-FER,Fermanagh,Fermanagh,0
entities,region.GB-FIF,Fife,Fife,0
entities,region.GB-FLN,"Flintshire; Sir y Fflint","Flintshire;Sir y Fflint",0
entities,region.GB-GAT,Gateshead,Gateshead,0
entities,region.GB-GBN,"Nước Anh","Great Britain",0
entities,region.GB-GLG,"Thành phố Glasgow","Glasgow City",0
entities,region.GB-GLS,Gloucestershire,Gloucestershire,0
entities,region.GB-GRE,Greenwich,Greenwich,0
entities,region.GB-GWN,Gwynedd,Gwynedd,0
entities,region.GB-HAL,Halton,Halton,0
entities,region.GB-HAM,Hampshire,Hampshire,0
entities,region.GB-HAV,Havering,Havering,0
entities,region.GB-HCK,Hackney,Hackney,0
entities,region.GB-HED,"Tây Nguyên",Highland,0
entities,region.GB-HEF,Herefordshire,Herefordshire,0
entities,region.GB-HIL,Hillingdon,Hillingdon,0
entities,region.GB-HMF,"Hammersmith và Fulham","Hammersmith and Fulham",0
entities,region.GB-HNS,Hounslow,Hounslow,0
entities,region.GB-HPL,Hartlepool,Hartlepool,0
entities,region.GB-HRT,Hertfordshire,Hertfordshire,0
entities,region.GB-HRW,Harrow,Harrow,0
entities,region.GB-HRY,Haringey,Haringey,0
entities,region.GB-IOW,"Đảo Wight","Isle of Wight",0
entities,region.GB-ISL,Islington,Islington,0
entities,region.GB-IVC,Inverclyde,Inverclyde,0
entities,region.GB-KEC,"Kensington và Chelsea","Kensington and Chelsea",0
entities,region.GB-KEN,Kent,Kent,0
entities,region.GB-KHL,"Kingston upon Hull","Kingston upon Hull",0
entities,region.GB-KIR,Kirklees,Kirklees,0
entities,region.GB-KTT,"Kingston upon Thames","Kingston upon Thames",0
entities,region.GB-KWL,Knowsley,Knowsley,0
entities,region.GB-LAN,Lancashire,Lancashire,0
entities,region.GB-LBH,Lambeth,Lambeth,0
entities,region.GB-LCE,Leicester,Leicester,0
entities,region.GB-LDS,Leeds,Leeds,0
entities,region.GB-LEC,Leicestershire,Leicestershire,0
entities,region.GB-LEW,Lewisham,Lewisham,0
entities,region.GB-LIN,Lincolnshire,Lincolnshire,0
entities,region.GB-LIV,Liverpool,Liverpool,0
entities,region.GB-LMV,Limavady,Limavady,0
entities,region.GB-LND,"London, Thành phố của","London, City of",0
entities,region.GB-LRN,Larne,Larne,0
entities,region.GB-LSB,Lisburn,Lisburn,0
entities,region.GB-LUT,Luton,Luton,0
entities,region.GB-MAN,Manchester,Manchester,0
entities,region.GB-MDB,Middlesbrough,Middlesbrough,0
entities,region.GB-MDW,Medway,Medway,0
entities,region.GB-MFT,Magherafelt,Magherafelt,0
entities,region.GB-MIK,"Milton Keynes","Milton Keynes",0
entities,region.GB-MLN,Midlothian,Midlothian,0
entities,region.GB-MON,"Monmouthshire; Sir Fynwy","Monmouthshire;Sir Fynwy",0
entities,region.GB-MRT,Merton,Merton,0
entities,region.GB-MRY,Moray,Moray,0
entities,region.GB-MTY,"Merthyr Tydfil; Merthyr Tudful","Merthyr Tydfil;Merthyr Tudful",0
entities,region.GB-MYL,Moyle,Moyle,0
entities,region.GB-NAY,"Bắc Ayrshire","North Ayrshire",0
entities,region.GB-NBL,Northumberland,Northumberland,0
entities,region.GB-NDN,"Bắc xuống","North Down",0
entities,region.GB-NEL,"Đông Bắc Lincolnshire","North East Lincolnshire",0
entities,region.GB-NET,"Newcastle upon Tyne","Newcastle upon Tyne",0
entities,region.GB-NFK,Norfolk,Norfolk,0
entities,region.GB-NGM,Nottingham,Nottingham,0
entities,region.GB-NIR,"Bắc Ireland","Northern Ireland",0
entities,region.GB-NLK,"Bắc Lanarkshire","North Lanarkshire",0
entities,region.GB-NLN,"Bắc Lincolnshire","North Lincolnshire",0
entities,region.GB-NSM,"Bắc Somerset","North Somerset",0
entities,region.GB-NTA,Newtownabbey,Newtownabbey,0
entities,region.GB-NTH,Northamptonshire,Northamptonshire,0
entities,region.GB-NTL,"Neath Port Talbot, Cảng Castell-nedd Talbot","Neath Port Talbot;Castell-nedd Port Talbot",0
entities,region.GB-NTT,Nottinghamshire,Nottinghamshire,0
entities,region.GB-NTY,"Bắc Tyneside","North Tyneside",0
entities,region.GB-NWM,Newham,Newham,0
entities,region.GB-NWP,"Newport; Casnewydd",Newport;Casnewydd,0
entities,region.GB-NYK,"Bắc Yorkshire","North Yorkshire",0
entities,region.GB-NYM,"Newry và Morne","Newry and Mourne",0
entities,region.GB-OLD,Oldham,Oldham,0
entities,region.GB-OMH,Omagh,Omagh,0
entities,region.GB-ORR,"Quần đảo Orkney","Orkney Islands",0
entities,region.GB-OXF,Oxfordshire,Oxfordshire,0
entities,region.GB-PEM,"Pembrokeshire; Sir Benfro","Pembrokeshire;Sir Benfro",0
entities,region.GB-PKN,"Perth và Kinross","Perth and Kinross",0
entities,region.GB-PLY,Plymouth,Plymouth,0
entities,region.GB-POL,Poole,Poole,0
entities,region.GB-POR,Portsmouth,Portsmouth,0
entities,region.GB-POW,Powys,Powys,0
entities,region.GB-PTE,Peterborough,Peterborough,0
entities,region.GB-RCC,"Redcar và Cleveland","Redcar and Cleveland",0
entities,region.GB-RCH,Rochdale,Rochdale,0
entities,region.GB-RCT,"Rhondda, Cynon, Taff, Rhondda, Cynon, Taf","Rhondda, Cynon, Taff;Rhondda, Cynon,Taf",0
entities,region.GB-RDB,Redbridge,Redbridge,0
entities,region.GB-RDG,"đọc hiểu",Reading,0
entities,region.GB-RFW,Renfrewshire,Renfrewshire,0
entities,region.GB-RIC,"Richmond upon Thames","Richmond upon Thames",0
entities,region.GB-ROT,Rotherham,Rotherham,0
entities,region.GB-RUT,Rutland,Rutland,0
entities,region.GB-SAW,Sandwell,Sandwell,0
entities,region.GB-SAY,"Nam Ayrshire","South Ayrshire",0
entities,region.GB-SCB,"Biên giới Scotland, The","Scottish Borders, The",0
entities,region.GB-SCT,Scotland,Scotland,0
entities,region.GB-SFK,Suffolk,Suffolk,0
entities,region.GB-SFT,Sefton,Sefton,0
entities,region.GB-SGC,"Nam Gloucestershire","South Gloucestershire",0
entities,region.GB-SHF,Sheffield,Sheffield,0
entities,region.GB-SHN,"St. Helens","St. Helens",0
entities,region.GB-SHR,Shropshire,Shropshire,0
entities,region.GB-SKP,Stockport,Stockport,0
entities,region.GB-SLF,Salford,Salford,0
entities,region.GB-SLG,Slough,Slough,0
entities,region.GB-SLK,"South Lanarkshire","South Lanarkshire",0
entities,region.GB-SND,Sunderland,Sunderland,0
entities,region.GB-SOL,Solihull,Solihull,0
entities,region.GB-SOM,Somerset,Somerset,0
entities,region.GB-SOS,Southend-on-Sea,Southend-on-Sea,0
entities,region.GB-SRY,Surrey,Surrey,0
entities,region.GB-STB,Strabane,Strabane,0
entities,region.GB-STE,Stoke-on-Trent,Stoke-on-Trent,0
entities,region.GB-STG,Stirling,Stirling,0
entities,region.GB-STH,Southampton,Southampton,0
entities,region.GB-STN,Sutton,Sutton,0
entities,region.GB-STS,Staffordshire,Staffordshire,0
entities,region.GB-STT,Stockton-on-Tees,Stockton-on-Tees,0
entities,region.GB-STY,"Nam Tyneside","South Tyneside",0
entities,region.GB-SWA,"Swansea; Abertawe",Swansea;Abertawe,0
entities,region.GB-SWD,Swindon,Swindon,0
entities,region.GB-SWK,Southwark,Southwark,0
entities,region.GB-TAM,Tameside,Tameside,0
entities,region.GB-TFW,"Telford và Wrekin","Telford and Wrekin",0
entities,region.GB-THR,Thurrock,Thurrock,0
entities,region.GB-TOB,Torbay,Torbay,0
entities,region.GB-TOF,"Torfaen; Tor-faen",Torfaen;Tor-faen,0
entities,region.GB-TRF,Trafford,Trafford,0
entities,region.GB-TWH,"Tower Hamlets","Tower Hamlets",0
entities,region.GB-UKM,"Vương quốc Anh","United Kingdom",0
entities,region.GB-VGL,"Vale of Glamorgan, The; Bro Morgannwg","Vale of Glamorgan, The;Bro Morgannwg",0
entities,region.GB-WAR,Warwickshire,Warwickshire,0
entities,region.GB-WBX,"West Berkshire","West Berkshire",0
entities,region.GB-WDU,"West Dunbartonshire","West Dunbartonshire",0
entities,region.GB-WFT,"Rừng Waltham","Waltham Forest",0
entities,region.GB-WGN,Wigan,Wigan,0
entities,region.GB-WKF,Wakefield,Wakefield,0
entities,region.GB-WLL,Walsall,Walsall,0
entities,region.GB-WLN,"Tây Lothian","West Lothian",0
entities,region.GB-WLS,"Xứ Wales",Wales,0
entities,region.GB-WLV,Wolverhampton,Wolverhampton,0
entities,region.GB-WND,Wandsworth,Wandsworth,0
entities,region.GB-WNM,"Windsor và Maidenhead","Windsor and Maidenhead",0
entities,region.GB-WOK,Wokingham,Wokingham,0
entities,region.GB-WOR,Worcestershire,Worcestershire,0
entities,region.GB-WRL,Wirral,Wirral,0
entities,region.GB-WRT,Warrington,Warrington,0
entities,region.GB-WRX,"Wrexham; Wrecsam",Wrexham;Wrecsam,0
entities,region.GB-WSM,Westminster,Westminster,0
entities,region.GB-WSX,"West Sussex","West Sussex",0
entities,region.GB-YOR,York,York,0
entities,region.GB-ZET,"Đảo shetland","Shetland Islands",0
entities,region.GD-01,"Saint Andrew","Saint Andrew",0
entities,region.GD-02,"Saint David","Saint David",0
entities,region.GD-03,"Thánh George","Saint George",0
entities,region.GD-04,"Thánh John","Saint John",0
entities,region.GD-05,"Saint Mark","Saint Mark",0
entities,region.GD-06,"Thánh Patrick","Saint Patrick",0
entities,region.GD-10,"Quần đảo Nam Grenadine","Southern Grenadine Islands",0
entities,region.GE-AB,Abkhazia,Abkhazia,0
entities,region.GE-AJ,Ajaria,Ajaria,0
entities,region.GE-GU,Guria,Guria,0
entities,region.GE-IM,Imeret’i,Imeret’i,0
entities,region.GE-KA,Kakhet’i,Kakhet’i,0
entities,region.GE-KK,"Kómo K’art’li","K’vemo K’art’li",0
entities,region.GE-MM,Mts’khet’a-Mt’ianet’i,Mts’khet’a-Mt’ianet’i,0
entities,region.GE-RL,"Racha-Lech’khumi-Kilesmo Svanet’i","Racha-Lech’khumi-K’vemo Svanet’i",0
entities,region.GE-SJ,Samts’khe-Javakhet’i,Samts’khe-Javakhet’i,0
entities,region.GE-SK,"Shida K’art’li","Shida K’art’li",0
entities,region.GE-SZ,"Samegrelo-Zemo Svanet’i","Samegrelo-Zemo Svanet’i",0
entities,region.GE-TB,T’bilisi,T’bilisi,0
entities,region.GH-AA,"Greater Accra","Greater Accra",0
entities,region.GH-AH,Ashanti,Ashanti,0
entities,region.GH-BA,Brong-Ahafo,Brong-Ahafo,0
entities,region.GH-CP,"Trung tâm",Central,0
entities,region.GH-EP,"Miền Đông",Eastern,0
entities,region.GH-NP,"Miền Bắc",Northern,0
entities,region.GH-TV,Volta,Volta,0
entities,region.GH-UE,"Thượng Đông","Upper East",0
entities,region.GH-UW,"Thượng Tây","Upper West",0
entities,region.GH-WP,"miền Tây",Western,0
entities,region.GL-KU,"Kommune Kujalleq","Kommune Kujalleq",0
entities,region.GL-QA,"Qaasuitsup Kommunia","Qaasuitsup Kommunia",0
entities,region.GL-QE,"Qeqqata Kommunia","Qeqqata Kommunia",0
entities,region.GL-SM,"Kommuneqarfik Sermersooq","Kommuneqarfik Sermersooq",0
entities,region.GM-B,Banjul,Banjul,0
entities,region.GM-L,"Lower River","Lower River",0
entities,region.GM-M,"Central River","Central River",0
entities,region.GM-N,"North Bank","North Bank",0
entities,region.GM-U,"Upper River","Upper River",0
entities,region.GM-W,Western,Western,0
entities,region.GN-B,Boké,Boké,0
entities,region.GN-BE,Beyla,Beyla,0
entities,region.GN-BF,Boffa,Boffa,0
entities,region.GN-BK,Boké,Boké,0
entities,region.GN-C,Conakry,Conakry,0
entities,region.GN-CO,Coyah,Coyah,0
entities,region.GN-D,Kindia,Kindia,0
entities,region.GN-DB,Dabola,Dabola,0
entities,region.GN-DI,Dinguiraye,Dinguiraye,0
entities,region.GN-DL,Dalaba,Dalaba,0
entities,region.GN-DU,Dubréka,Dubréka,0
entities,region.GN-F,Faranah,Faranah,0
entities,region.GN-FA,Faranah,Faranah,0
entities,region.GN-FO,Forécariah,Forécariah,0
entities,region.GN-FR,Fria,Fria,0
entities,region.GN-GA,Gaoual,Gaoual,0
entities,region.GN-GU,Guékédou,Guékédou,0
entities,region.GN-K,Kankan,Kankan,0
entities,region.GN-KA,Kankan,Kankan,0
entities,region.GN-KB,Koubia,Koubia,0
entities,region.GN-KD,Kindia,Kindia,0
entities,region.GN-KE,Kérouané,Kérouané,0
entities,region.GN-KN,Koundara,Koundara,0
entities,region.GN-KO,Kouroussa,Kouroussa,0
entities,region.GN-KS,Kissidougou,Kissidougou,0
entities,region.GN-L,Labé,Labé,0
entities,region.GN-LA,Labé,Labé,0
entities,region.GN-LE,Lélouma,Lélouma,0
entities,region.GN-LO,Lola,Lola,0
entities,region.GN-M,Mamou,Mamou,0
entities,region.GN-MC,Macenta,Macenta,0
entities,region.GN-MD,Mandiana,Mandiana,0
entities,region.GN-ML,Mali,Mali,0
entities,region.GN-MM,Mamou,Mamou,0
entities,region.GN-N,Nzérékoré,Nzérékoré,0
entities,region.GN-NZ,Nzérékoré,Nzérékoré,0
entities,region.GN-PI,"banh my Pita",Pita,0
entities,region.GN-SI,Siguiri,Siguiri,0
entities,region.GN-TE,Télimélé,Télimélé,0
entities,region.GN-TO,Tougué,Tougué,0
entities,region.GN-YO,Yomou,Yomou,0
entities,region.GQ-AN,Annobón,Annobón,0
entities,region.GQ-BN,"Bioko Norte","Bioko Norte",0
entities,region.GQ-BS,"Bioko Sur","Bioko Sur",0
entities,region.GQ-C,"Región Continental","Región Continental",0
entities,region.GQ-CS,"Centro Sur","Centro Sur",0
entities,region.GQ-I,"Región Insular","Región Insular",0
entities,region.GQ-KN,Kié-Ntem,Kié-Ntem,0
entities,region.GQ-LI,Litoral,Litoral,0
entities,region.GQ-WN,Wele-Nzás,Wele-Nzás,0
entities,region.GR-01,"Aitolia kai Akarnania","Aitolia kai Akarnania",0
entities,region.GR-03,Voiotia,Voiotia,0
entities,region.GR-04,Evvoias,Evvoias,0
entities,region.GR-05,Evrytania,Evrytania,0
entities,region.GR-06,Fthiotida,Fthiotida,0
entities,region.GR-07,Fokida,Fokida,0
entities,region.GR-11,Argolida,Argolida,0
entities,region.GR-12,Arkadia,Arkadia,0
entities,region.GR-13,Achaïa,Achaïa,0
entities,region.GR-14,Ileia,Ileia,0
entities,region.GR-15,Korinthia,Korinthia,0
entities,region.GR-16,Lakonia,Lakonia,0
entities,region.GR-17,Messinia,Messinia,0
entities,region.GR-21,Zakynthos,Zakynthos,0
entities,region.GR-22,Kerkyra,Kerkyra,0
entities,region.GR-23,Kefallonia,Kefallonia,0
entities,region.GR-24,Lefkada,Lefkada,0
entities,region.GR-31,Arta,Arta,0
entities,region.GR-32,Thesprotia,Thesprotia,0
entities,region.GR-33,Ioannina,Ioannina,0
entities,region.GR-34,Preveza,Preveza,0
entities,region.GR-41,Karditsa,Karditsa,0
entities,region.GR-42,Larisa,Larisa,0
entities,region.GR-43,Magnisia,Magnisia,0
entities,region.GR-44,Trikala,Trikala,0
entities,region.GR-51,Grevena,Grevena,0
entities,region.GR-52,Kịch,Drama,0
entities,region.GR-53,Imathia,Imathia,0
entities,region.GR-54,Thessaloniki,Thessaloniki,0
entities,region.GR-55,Kavala,Kavala,0
entities,region.GR-56,Kastoria,Kastoria,0
entities,region.GR-57,Kilkis,Kilkis,0
entities,region.GR-58,Kozani,Kozani,0
entities,region.GR-59,Pella,Pella,0
entities,region.GR-61,Pieria,Pieria,0
entities,region.GR-62,Serres,Serres,0
entities,region.GR-63,Florina,Florina,0
entities,region.GR-64,Chalkidiki,Chalkidiki,0
entities,region.GR-69,"Agio Oros","Agio Oros",0
entities,region.GR-71,Evros,Evros,0
entities,region.GR-72,Xanthi,Xanthi,0
entities,region.GR-73,Rodopi,Rodopi,0
entities,region.GR-81,Dodekanisos,Dodekanisos,0
entities,region.GR-82,Kyklades,Kyklades,0
entities,region.GR-83,Lesvos,Lesvos,0
entities,region.GR-84,Samos,Samos,0
entities,region.GR-85,Chios,Chios,0
entities,region.GR-91,Irakleio,Irakleio,0
entities,region.GR-92,Lasithi,Lasithi,0
entities,region.GR-93,Rethymno,Rethymno,0
entities,region.GR-94,Chania,Chania,0
entities,region.GR-A,"Anatoliki Makedonia kai Thraki","Anatoliki Makedonia kai Thraki",0
entities,region.GR-A1,Attiki,Attiki,0
entities,region.GR-B,"Kentriki Makedonia","Kentriki Makedonia",0
entities,region.GR-C,"Dytiki Makedonia","Dytiki Makedonia",0
entities,region.GR-D,Ipeiros,Ipeiros,0
entities,region.GR-E,Thessalia,Thessalia,0
entities,region.GR-F,"Ionia Nisia","Ionia Nisia",0
entities,region.GR-G,"Dytiki Ellada","Dytiki Ellada",0
entities,region.GR-H,"Sterea Ellada","Sterea Ellada",0
entities,region.GR-I,Attiki,Attiki,0
entities,region.GR-J,Peloponnisos,Peloponnisos,0
entities,region.GR-K,"Voreio Aigaio","Voreio Aigaio",0
entities,region.GR-L,"Notio Aigaio","Notio Aigaio",0
entities,region.GR-M,Kriti,Kriti,0
entities,region.GT-AV,"Alta Verapaz","Alta Verapaz",0
entities,region.GT-BV,"Baja Verapaz","Baja Verapaz",0
entities,region.GT-CM,Chimaltenango,Chimaltenango,0
entities,region.GT-CQ,Chiquimula,Chiquimula,0
entities,region.GT-ES,Escuintla,Escuintla,0
entities,region.GT-GU,Guatemala,Guatemala,0
entities,region.GT-HU,Huehuetenango,Huehuetenango,0
entities,region.GT-IZ,Izabal,Izabal,0
entities,region.GT-JA,Jalapa,Jalapa,0
entities,region.GT-JU,Jutiapa,Jutiapa,0
entities,region.GT-PE,Petén,Petén,0
entities,region.GT-PR,"El Progreso","El Progreso",0
entities,region.GT-QC,Quiche,Quiché,0
entities,region.GT-QZ,Quetzaltenango,Quetzaltenango,0
entities,region.GT-RE,Retalhuleu,Retalhuleu,0
entities,region.GT-SA,Sacatepéquez,Sacatepéquez,0
entities,region.GT-SM,"San Marcos","San Marcos",0
entities,region.GT-SO,Sololá,Sololá,0
entities,region.GT-SR,"Santa Rosa","Santa Rosa",0
entities,region.GT-SU,Suchitepéquez,Suchitepéquez,0
entities,region.GT-TO,Totonicapán,Totonicapán,0
entities,region.GT-ZA,Zacapa,Zacapa,0
entities,region.GW-BA,Bafatá,Bafatá,0
entities,region.GW-BL,Bolama,Bolama,0
entities,region.GW-BM,Biombo,Biombo,0
entities,region.GW-BS,Bissau,Bissau,0
entities,region.GW-CA,Cacheu,Cacheu,0
entities,region.GW-GA,Gabú,Gabú,0
entities,region.GW-L,Leste,Leste,0
entities,region.GW-N,Norte,Norte,0
entities,region.GW-OI,Oio,Oio,0
entities,region.GW-QU,Quinara,Quinara,0
entities,region.GW-S,Sul,Sul,0
entities,region.GW-TO,Tombali,Tombali,0
entities,region.GY-BA,Barima-Waini,Barima-Waini,0
entities,region.GY-CU,Cuyuni-Mazaruni,Cuyuni-Mazaruni,0
entities,region.GY-DE,Demerara-Mahaica,Demerara-Mahaica,0
entities,region.GY-EB,"Đông Berbice-Corentyne","East Berbice-Corentyne",0
entities,region.GY-ES,"Quần đảo Essequibo-Tây Demerara","Essequibo Islands-West Demerara",0
entities,region.GY-MA,Mahaica-Berbice,Mahaica-Berbice,0
entities,region.GY-PM,Pomeroon-Supenaam,Pomeroon-Supenaam,0
entities,region.GY-PT,Potaro-Siparuni,Potaro-Siparuni,0
entities,region.GY-UD,"Upper Demerara-Berbice","Upper Demerara-Berbice",0
entities,region.GY-UT,"Upper Takutu-Upper Essequibo","Upper Takutu-Upper Essequibo",0
entities,region.HN-AT,Atlántida,Atlántida,0
entities,region.HN-CH,Choluteca,Choluteca,0
entities,region.HN-CL,Colón,Colón,0
entities,region.HN-CM,Comayagua,Comayagua,0
entities,region.HN-CP,Copan,Copán,0
entities,region.HN-CR,Cortés,Cortés,0
entities,region.HN-EP,"El Paraíso","El Paraíso",0
entities,region.HN-FM,"Francisco Morazán","Francisco Morazán",0
entities,region.HN-GD,"Gracias a Dios","Gracias a Dios",0
entities,region.HN-IB,"Islas de la Bahía","Islas de la Bahía",0
entities,region.HN-IN,Intibucá,Intibucá,0
entities,region.HN-LE,Lempira,Lempira,0
entities,region.HN-LP,"la Paz","La Paz",0
entities,region.HN-OC,Ocotepeque,Ocotepeque,0
entities,region.HN-OL,Olancho,Olancho,0
entities,region.HN-SB,"Santa Barbara","Santa Bárbara",0
entities,region.HN-VA,Valle,Valle,0
entities,region.HN-YO,Yoro,Yoro,0
entities,region.HR-01,"Zagrebačka županija","Zagrebačka županija",0
entities,region.HR-02,"Krapinsko-zagorska županija","Krapinsko-zagorska županija",0
entities,region.HR-03,"Sisačko-moslavačka županija","Sisačko-moslavačka županija",0
entities,region.HR-04,"Karlovačka županija","Karlovačka županija",0
entities,region.HR-05,"Varaždinska županija","Varaždinska županija",0
entities,region.HR-06,"Koprivničko-križevačka županija","Koprivničko-križevačka županija",0
entities,region.HR-07,"Bjelovarsko-bilogorska županija","Bjelovarsko-bilogorska županija",0
entities,region.HR-08,"Primorsko-goranska županija","Primorsko-goranska županija",0
entities,region.HR-09,"Ličko-senjska županija","Ličko-senjska županija",0
entities,region.HR-10,"Virovitičko-podravska županija","Virovitičko-podravska županija",0
entities,region.HR-11,"Požeško-slavonska županija","Požeško-slavonska županija",0
entities,region.HR-12,"Brodsko-posavska županija","Brodsko-posavska županija",0
entities,region.HR-13,"Zadarska županija","Zadarska županija",0
entities,region.HR-14,"Osječko-baranjska županija","Osječko-baranjska županija",0
entities,region.HR-15,"Šibensko-kninska županija","Šibensko-kninska županija",0
entities,region.HR-16,"Vukovarsko-srijemska županija","Vukovarsko-srijemska županija",0
entities,region.HR-17,"Splitsko-dalmatinska županija","Splitsko-dalmatinska županija",0
entities,region.HR-18,"Istarska županija","Istarska županija",0
entities,region.HR-19,"Dubrovačko-neretvanska županija","Dubrovačko-neretvanska županija",0
